INSERT INTO cd.department (department_id, department_name) VALUES
(1, 'Столичный'),
(2, 'Звездный');

INSERT INTO cd.customer (customer_id, customer_name, customer_surname) VALUES
(1, 'Ева', 'Мухина'),
(2, 'Регина', 'Колобова'),
(3, 'Михаил', 'Константинов'),
(4, 'Дарья', 'Павлова'),
(5, 'Валентина', 'Жукова'),
(6, 'Виссарион', 'Соков'),
(7, 'Ульяна', 'Гущина'),
(8, 'Марк', 'Сорокин'),
(9, 'Виктор', 'Фролов'),
(10, 'Юлиана', 'Крюкова');

INSERT INTO cd.purchase (purchase_id, customer_id, department_id, purchase_date, purchase_price) VALUES
(1, 1, 1, '2023-01-04 14:23:34', 21000),
(2, 2, 2, '2023-01-07 09:07:23', 100000),
(3, 3, 2, '2023-01-11 21:15:58', 14000),
(4, 4, 2, '2023-01-13 16:19:21', 10000),
(5, 5, 1, '2023-01-17 18:43:22', 120000),
(6, 6, 2, '2023-01-19 13:23:42', 56000),
(7, 7, 1, '2023-01-21 12:54:57', 50000),
(8, 8, 1, '2023-01-24 10:09:52', 25000),
(9, 9, 2, '2023-01-26 10:02:33', 33000),
(10, 10, 1, '2023-02-02 19:11:22', 38000);

INSERT INTO cd.manufacturer (manufacturer_id, manufacturer_name) VALUES
(1, 'Мария'),
(2, 'Шатура'),
(3, 'Витра'),
(4, 'Ангстрем'),
(5, 'Глазоф');

INSERT INTO cd.product (product_id, product_name, manufacturer_id, type_id, price, color, weight) VALUES
(1, 'Диван прямой', 1, 1, 25000, 'Черный', 20),
(2, 'Диван угловой', 1, 1, 34000, 'Зеленый', 25),
(3, 'Диван П-образный', 1, 1, 45000, 'Синий', 30),
(4, 'Диван-кровать', 1, 1, 60000, 'Белый', 40),
(5, 'Шкаф одностворчатый', 2, 2, 33000, 'Черный', 34),
(6, 'Шкаф двустворчатый', 2, 2, 38000, 'Черный', 36),
(7, 'Шкаф трехстворчатый', 2, 2, 46000, 'Черный', 42),
(8, 'Стол кухонный', 3, 3, 14000, 'Черный', 10),
(9, 'Стол кухонный', 3, 3, 14000, 'Дуб', 10),
(10, 'Стол кухонный', 3, 3, 14000, 'Береза', 10),
(11, 'Стол кухонный', 3, 3, 14000, 'Белый матовый', 10),
(12, 'Стол кухонный', 3, 3, 14000, 'Белый глянец', 10),
(13, 'Кровать односпальная', 4, 4, 10000, 'Серый', 12),
(14, 'Кровать двуспальная', 4, 4, 15000, 'Серый', 15),
(15, 'Кровать двухярусная', 4, 4, 20000, 'Синий', 27),
(16, 'Комод кухонный', 5, 5, 30000, 'Береза', 13),
(17, 'Комод в гостиную', 5, 5, 20000, 'Дуб', 15),
(18, 'Тумба для ТВ', 5, 6, 18000, 'Дуб', 14),
(19, 'Тумба для обуви', 5, 6, 11000, 'Дуб', 9),
(20, 'Тумба прикроватная', 5, 6, 10000, 'Береза', 7);

INSERT INTO cd.delivery (delivery_id, product_id, department_id, delivery_date, count_product) VALUES
(1, 3, 1, '2023-01-19 14:00:00', 15),
(2, 5, 1, '2023-01-21 11:00:00', 10),
(3, 8, 2, '2023-01-23 18:00:00', 20),
(4, 12, 2, '2023-01-23 18:00:00', 10),
(5, 11, 2, '2023-01-23 18:00:00', 15),
(6, 19, 1, '2023-01-25 19:00:00', 20),
(7, 20, 1, '2023-01-11 16:00:00', 15),
(8, 4, 2, '2023-01-23 18:00:00', 10),
(9, 6, 1, '2023-02-01 15:00:00', 15),
(10, 8, 2, '2023-01-12 14:00:00', 20);

INSERT INTO cd.purchase_products (purchase_products_id, purchase_id, count_position) VALUES
(1, 1, 2),
(2, 2, 10),
(3, 3, 1),
(4, 4, 1),
(5, 5, 4),
(6, 6, 2),
(7, 7, 2),
(8, 8, 1),
(9, 9, 1),
(10, 10, 1);

INSERT INTO cd.price_change (price_change_id, product_id, price, price_change_date, new_price) VALUES
(1, 1, 23000, '2023-01-12 12:00:00', 25000),
(2, 4, 65000, '2023-01-16 12:00:00', 60000),
(3, 7, 26000, '2023-01-15 12:00:00', 22000),
(4, 10, 22000, '2023-01-11 12:00:00', 14000),
(5, 13, 12000, '2023-01-12 12:00:00', 10000),
(6, 16, 45000, '2023-01-14 12:00:00', 30000),
(7, 19, 7000, '2023-01-15 12:00:00', 11000),
(8, 17, 19000, '2023-01-08 12:00:00', 20000),
(9, 18, 11000, '2023-01-02 12:00:00', 18000),
(10, 20, 7000, '2023-01-05 12:00:00', 10000);

INSERT INTO cd.department_products (department_products_id, department_id, count_products, date_update) VALUES
(1, 1, 15, '2023-01-15 12:00:00'),
(2, 2, 15, '2023-01-16 12:00:00');
